{"cameraMode":{"drawMode":0,"name":"Shaded","section":"Shading Mode"},"sceneLighting":false,"audioPlay":false,"sceneViewState":{"showFog":true,"showMaterialUpdate":false,"showSkybox":true,"showFlares":true,"showImageEffects":true,"showParticleSystems":true},"in2DMode":false,"pivot":{"x":-12.9399995803833,"y":-1.0299999713897706,"z":6.03000020980835},"rotation":{"x":0.41127049922943118,"y":0.013671875931322575,"z":-0.006169524975121021,"w":0.911389946937561},"size":4.492521286010742,"orthographic":false}