{"cameraMode":{"drawMode":0,"name":"Shaded","section":"Shading Mode"},"sceneLighting":false,"audioPlay":false,"sceneViewState":{"showFog":true,"showMaterialUpdate":false,"showSkybox":true,"showFlares":true,"showImageEffects":true,"showParticleSystems":true},"in2DMode":false,"pivot":{"x":-12.25,"y":-1.0299999713897706,"z":-0.5700000524520874},"rotation":{"x":0.41127049922943118,"y":0.013671875931322575,"z":-0.006169524975121021,"w":0.911389946937561},"size":4.492520809173584,"orthographic":false}